{
  "early": 44.0,
  "late": 24.0,
  "improvement": -20.0,
  "final_R": {
    "A": 0.33160207865786706,
    "B": 0.26730000000000004,
    "C": 0.43147169999999996
  }
}