{
  "timestamp": "2026-02-07T07:07:23.432953",
  "sigma_range": [
    0.75,
    1.0
  ],
  "alphas": [
    0.8,
    1.0,
    1.2
  ],
  "configurations": {
    "Baseline": {
      "learning_rate": null,
      "survival_matrix": {
        "0.8": [
          1.0,
          1.0,
          1.0,
          1.0,
          1.0,
          1.0
        ],
        "1.0": [
          1.0,
          1.0,
          1.0,
          1.0,
          1.0,
          1.0
        ],
        "1.2": [
          1.0,
          1.0,
          1.0,
          1.0,
          1.0,
          1.0
        ]
      },
      "variance_matrix": {
        "0.8": [
          0.030333166937005555,
          0.030330113357447754,
          0.0303277059468607,
          0.03032581069266559,
          0.030324325454166384,
          0.03032317138013603
        ],
        "1.0": [
          0.047420566802306524,
          0.04741277441890388,
          0.04740646431743756,
          0.04740133832645593,
          0.04739716664088719,
          0.04739377034899331
        ],
        "1.2": [
          0.06832827212017216,
          0.06831211208957699,
          0.06829880925008457,
          0.06828781172586422,
          0.06827868764153262,
          0.06827109662389692
        ]
      }
    },
    "STDP-weak": {
      "learning_rate": 0.0001,
      "survival_matrix": {
        "0.8": [
          1.0,
          1.0,
          1.0,
          1.0,
          1.0,
          1.0
        ],
        "1.0": [
          1.0,
          1.0,
          1.0,
          1.0,
          1.0,
          1.0
        ],
        "1.2": [
          1.0,
          1.0,
          1.0,
          1.0,
          1.0,
          1.0
        ]
      },
      "variance_matrix": {
        "0.8": [
          0.03032907374165351,
          0.030326669973670433,
          0.030324787564716026,
          0.030323319599762175,
          0.03032218463574556,
          0.03032131977235988
        ],
        "1.0": [
          0.04741027721333374,
          0.04740409166877819,
          0.04739908492815492,
          0.047395021731313415,
          0.04739172142061585,
          0.04738904366060992
        ],
        "1.2": [
          0.06830661276332584,
          0.06829381693263824,
          0.06828326165960352,
          0.06827451359704644,
          0.06826723677331603,
          0.06826116801418808
        ]
      }
    },
    "STDP-mid": {
      "learning_rate": 0.0003,
      "survival_matrix": {
        "0.8": [
          1.0,
          1.0,
          1.0,
          1.0,
          1.0,
          1.0
        ],
        "1.0": [
          1.0,
          1.0,
          1.0,
          1.0,
          1.0,
          1.0
        ],
        "1.2": [
          1.0,
          1.0,
          1.0,
          1.0,
          1.0,
          1.0
        ]
      },
      "variance_matrix": {
        "0.8": [
          0.03032907374165351,
          0.030326669973670433,
          0.030324787564716026,
          0.030323319599762175,
          0.03032218463574556,
          0.03032131977235988
        ],
        "1.0": [
          0.04741027721333374,
          0.04740409166877819,
          0.04739908492815492,
          0.047395021731313415,
          0.04739172142061585,
          0.04738904366060992
        ],
        "1.2": [
          0.0683066147306003,
          0.06829381889254643,
          0.06828326329249895,
          0.06827451475784792,
          0.06826723766557143,
          0.06826116869016298
        ]
      }
    },
    "STDP-strong": {
      "learning_rate": 0.001,
      "survival_matrix": {
        "0.8": [
          1.0,
          1.0,
          1.0,
          1.0,
          1.0,
          1.0
        ],
        "1.0": [
          1.0,
          1.0,
          1.0,
          1.0,
          1.0,
          1.0
        ],
        "1.2": [
          1.0,
          1.0,
          1.0,
          1.0,
          1.0,
          1.0
        ]
      },
      "variance_matrix": {
        "0.8": [
          0.03032907374165351,
          0.030326669973670433,
          0.030324787564716026,
          0.030323319599762175,
          0.03032218463574556,
          0.03032131977235988
        ],
        "1.0": [
          0.04741027721333374,
          0.04740409166877819,
          0.04739908492815492,
          0.047395021731313415,
          0.04739172142061585,
          0.04738904366060992
        ],
        "1.2": [
          0.06830662161659513,
          0.06829382575300387,
          0.06828326900826316,
          0.06827451882152945,
          0.0682672407893084,
          0.06826117105690131
        ]
      }
    }
  },
  "analysis": {
    "boundary_shift": {
      "0.8": {
        "baseline": 1.0000000000000002,
        "STDP-weak": 0.0,
        "STDP-mid": 0.0,
        "STDP-strong": 0.0
      },
      "1.0": {
        "baseline": 1.0000000000000002,
        "STDP-weak": 0.0,
        "STDP-mid": 0.0,
        "STDP-strong": 0.0
      },
      "1.2": {
        "baseline": 1.0000000000000002,
        "STDP-weak": 0.0,
        "STDP-mid": 0.0,
        "STDP-strong": 0.0
      }
    },
    "variance_improvement": {}
  }
}