{
  "sigma_values": [
    0.3,
    0.3555555555555555,
    0.4111111111111111,
    0.4666666666666667,
    0.5222222222222221,
    0.5777777777777777,
    0.6333333333333333,
    0.6888888888888889,
    0.7444444444444445,
    0.8
  ],
  "survival_rate": [
    1.0,
    1.0,
    1.0,
    1.0,
    1.0,
    1.0,
    1.0,
    1.0,
    1.0,
    1.0
  ],
  "variance_mean": [
    0.0476242412742529,
    0.04756099085674389,
    0.047515122930636915,
    0.04748155541726312,
    0.04745669015157572,
    0.04743804340204991,
    0.04742390300824236,
    0.04741307778226416,
    0.04740472782153485,
    0.04739825223923006
  ],
  "stability_std": [
    7.283045926350813e-05,
    7.364569141734089e-05,
    7.205965263385247e-05,
    7.046269529649661e-05,
    6.94095770518097e-05,
    6.890897475788171e-05,
    6.883228576228835e-05,
    6.90430088307005e-05,
    6.943119285163926e-05,
    6.991671079699189e-05
  ]
}