{
  "0.0": 0.6666666666666666,
  "0.5": 0.6666666666666666,
  "0.8": 0.6666666666666666,
  "0.9": 0.6666666666666666
}