{
  "results": {
    "10": 0.0172,
    "20": 0.0077,
    "50": 0.004,
    "100": 0.002,
    "200": 0.001
  },
  "a": 0.1666181229773463,
  "b": 0.00021512944983818872,
  "r2": 0.9939671465388248
}