{
  "n_trials": 20,
  "no_reset": {
    "mean": 1.3421485578510375,
    "std": 0.02072957571549169,
    "values": [
      1.3850596915738282,
      1.3367672116802212,
      1.3345765499052784,
      1.311862455530334,
      1.3526951982523596,
      1.3744206165451258,
      1.3335577116854136,
      1.3293911376099894,
      1.3200640218946673,
      1.3346709693067393,
      1.3477218146790606,
      1.3392348552973161,
      1.3489240779885838,
      1.3354014745980085,
      1.3222834995611126,
      1.3668271610598843,
      1.298678658779581,
      1.3556807353680949,
      1.3494205070805017,
      1.3657328086246476
    ]
  },
  "reset": {
    "mean": 0.6258939796699436,
    "std": 0.01991590513737066,
    "values": [
      0.6265014254030972,
      0.6314037195504547,
      0.6540940758298721,
      0.5968359660274932,
      0.612398394812746,
      0.6044821603880293,
      0.6057550571959518,
      0.6056537654414618,
      0.6266649142485307,
      0.6467557704458848,
      0.6145918860474935,
      0.6477636318960893,
      0.6116497124602389,
      0.6487715626293147,
      0.608983723590661,
      0.6118396268266317,
      0.6759342601931311,
      0.6260599015727506,
      0.629999645251264,
      0.6317403935877779
    ]
  }
}