{
  "with_vs_without": {
    "no_cicada": 0.20355167807065605,
    "with_cicada": 0.20355167807065605
  },
  "scale": [
    {
      "N": 20,
      "error": 0.22730076655964532
    },
    {
      "N": 50,
      "error": 0.20355167807065605
    },
    {
      "N": 100,
      "error": 0.20976308404379354
    },
    {
      "N": 200,
      "error": 0.2056145152400828
    }
  ]
}