{
  "results": {
    "0.0": {
      "p1_recovery": 20.0,
      "p2_recovery": 33.33333333333333,
      "correlation": 0.0
    },
    "0.3": {
      "p1_recovery": 76.66666666666667,
      "p2_recovery": 20.0,
      "correlation": 0.3
    },
    "0.5": {
      "p1_recovery": 73.33333333333333,
      "p2_recovery": 70.0,
      "correlation": 0.5
    },
    "0.7": {
      "p1_recovery": 83.33333333333334,
      "p2_recovery": 66.66666666666666,
      "correlation": 0.7
    },
    "0.9": {
      "p1_recovery": 76.66666666666667,
      "p2_recovery": 76.66666666666667,
      "correlation": 0.9
    },
    "0.95": {
      "p1_recovery": 70.0,
      "p2_recovery": 60.0,
      "correlation": 0.95
    },
    "0.99": {
      "p1_recovery": 93.33333333333333,
      "p2_recovery": 93.33333333333333,
      "correlation": 0.99
    }
  },
  "critical_correlation": 0.95
}