{
  "sigma": [
    0.75,
    0.8,
    0.85,
    0.9,
    0.95,
    1.0
  ],
  "baseline": [
    0,
    0,
    0,
    0,
    0,
    0
  ],
  "stdp_weak": [
    0.049985301039799125,
    0.04999180834255995,
    0.04999620570544589,
    0.04999881657801321,
    0.04999992250174935,
    0.049999765672851804
  ],
  "stdp_mid": [
    0.049985301039799125,
    0.04999180834255995,
    0.04999620570544589,
    0.04999881657801321,
    0.04999992250174935,
    0.049999765672851804
  ],
  "stdp_strong": [
    0.049985301039799125,
    0.04999180834255995,
    0.04999620570544589,
    0.04999881657801321,
    0.04999992250174935,
    0.049999765672851804
  ]
}