{
  "N20_g3.0": {
    "N": 20,
    "gain": 3.0,
    "final_target": 0.05276926853582363,
    "drift": 0.012769268535823629
  },
  "N20_g10.0": {
    "N": 20,
    "gain": 10.0,
    "final_target": 0.05605546872718955,
    "drift": 0.016055468727189548
  },
  "N50_g3.0": {
    "N": 50,
    "gain": 3.0,
    "final_target": 0.04,
    "drift": 0.0
  },
  "N50_g10.0": {
    "N": 50,
    "gain": 10.0,
    "final_target": 0.04,
    "drift": 0.0
  },
  "N100_g3.0": {
    "N": 100,
    "gain": 3.0,
    "final_target": 0.04,
    "drift": 0.0
  },
  "N100_g10.0": {
    "N": 100,
    "gain": 10.0,
    "final_target": 0.04,
    "drift": 0.0
  }
}