{
  "scale": [
    {
      "N": 50,
      "no": 18.915430056632704,
      "ci": 18.915430056632704,
      "improve": 0.0
    },
    {
      "N": 100,
      "no": 19.182539526870997,
      "ci": 19.182539526870997,
      "improve": 0.0
    },
    {
      "N": 200,
      "no": 26.192839466046994,
      "ci": 26.192839466046994,
      "improve": 0.0
    },
    {
      "N": 500,
      "no": 64.61697059628595,
      "ci": 64.61697059628595,
      "improve": 0.0
    }
  ]
}