{
  "parameters": {
    "N": 200,
    "steps": 500,
    "lr": 0.005,
    "threshold": 1.8
  },
  "no_reset": {
    "final": 6.534229063013986,
    "max": 6.534229063013986,
    "resets": 0
  },
  "fixed": {
    "50": {
      "final": 2.1933544548860597,
      "max": 2.303750002030091,
      "resets": 10.0
    },
    "100": {
      "final": 2.8202750607811455,
      "max": 2.92263745641742,
      "resets": 5.0
    },
    "200": {
      "final": 2.8291352975726847,
      "max": 3.937766570198557,
      "resets": 2.0
    }
  },
  "event": {
    "1.2": {
      "final": 1.6463839190090126,
      "max": 2.221261990947668,
      "resets": 9.7
    },
    "1.4": {
      "final": 2.0524919851680066,
      "max": 2.565322572053589,
      "resets": 6.0
    },
    "1.6": {
      "final": 2.4897912614444624,
      "max": 2.915115208455071,
      "resets": 4.1
    },
    "1.8": {
      "final": 2.635555748900808,
      "max": 3.2697842108821704,
      "resets": 3.0
    },
    "2.0": {
      "final": 3.217366029576728,
      "max": 3.628621758875011,
      "resets": 2.2
    }
  }
}