{
  "improvement": 94.90139644660248,
  "scale": [
    {
      "N": 100,
      "imp": 94.79340071093345
    },
    {
      "N": 200,
      "imp": 95.33921133465245
    },
    {
      "N": 400,
      "imp": 95.61879749994966
    }
  ]
}