{
  "300": {
    "variance": 0.0006674119690724558,
    "predicted": 0.020233333333333332,
    "error": -96.70142354659411
  },
  "500": {
    "variance": 0.00040387352772868786,
    "predicted": 0.01934,
    "error": -97.91171909137184
  }
}