{
  "model": {
    "a": 0.67,
    "b": 0.018
  },
  "results": {
    "300": {
      "N": 300,
      "variance": 0.013251349280453375,
      "target": 0.04,
      "alpha": 2.0,
      "predicted": 0.020233333333333332,
      "error_pct": -34.507334692981665,
      "ratio": 0.3312837320113344,
      "climbing": 