{
  "tanh": {
    "variance": 0.18955528849808218,
    "stability": 0.14944439686207056,
    "memory_decay": -0.3178199969710739
  },
  "relu": {
    "variance": 0.10239978004967312,
    "stability": 0.28416251894457106,
    "memory_decay": 0.15121379291925047
  },
  "leaky_relu": {
    "variance": 0.11163392778018515,
    "stability": 0.27038799369787364,
    "memory_decay": 0.15030703631810727
  },
  "swish": {
    "variance": 0.07391394463526857,
    "stability": 0.28116769961477034,
    "memory_decay": -0.007857296584016474
  }
}