{
  "n_trials": 20,
  "no_reset": {
    "mean": 1.3421485578510375,
    "std": 0.02072957571549169,
    "values": [
      1.3850596915738282,
      1.3367672116802212,
      1.3345765499052784,
      1.311862455530334,
      1.3526951982523596,
      1.3744206165451258,
      1.3335577116854136,
      1.3293911376099894,
      1.3200640218946673,
      1.3346709693067393,
      1.3477218146790606,
      1.3392348552973161,
      1.3489240779885838,
      1.3354014745980085,
      1.3222834995611126,
      1.3668271610598843,
      1.298678658779581,
      1.3556807353680949,
      1.3494205070805017,
      1.3657328086246476
    ]
  },
  "reset": {
    "mean": 0.8312754152456604,
    "std": 0.020066711801541418,
    "values": [
      0.8283543897457527,
      0.8583065752043731,
      0.8149618757588089,
      0.8098431420610526,
      0.822664789791294,
      0.7917307540729912,
      0.8207950836492135,
      0.8251253044530191,
      0.8385752875982985,
      0.835541667778056,
      0.8249959456457235,
      0.8268169816326916,
      0.8604103405313631,
      0.8247624984844812,
      0.7961292514448237,
      0.826444865701004,
      0.8654109963798644,
      0.859108566064813,
      0.8521696622357571,
      0.8433603266798267
    ]
  }
}