{
  "improvement": 11.049999999999997,
  "similarity": [
    {
      "sim": 0.5,
      "imp": 7.750000000000014,
      "with": 65.75,
      "without": 57.999999999999986
    },
    {
      "sim": 0.7,
      "imp": 11.049999999999997,
      "with": 41.05,
      "without": 30.0
    },
    {
      "sim": 0.9,
      "imp": 4.299999999999994,
      "with": 31.8,
      "without": 27.500000000000007
    }
  ]
}