{
  "lambda_N": {
    "a": 0.015309760690681356,
    "b": 0.7155105898041083,
    "r2": 0.9985199282298869
  },
  "reduction_N": {
    "L": 71.70861831531488,
    "N0": 167.01271019859897,
    "r2": 0.5578625893848187
  },
  "lambda_lr": {
    "a": 1847.498949515131,
    "b": 0.9850784876728095,
    "r2": 0.9995317177814973
  },
  "phase_transition": {
    "N_c": 782.4632652013656,
    "threshold": 1.8
  }
}