{
  "n_trials": 50,
  "no_reset": {
    "mean": 1.3460500429997029,
    "std": 0.020678505364774204,
    "values": [
      1.3850596915738282,
      1.3367672116802212,
      1.3345765499052784,
      1.311862455530334,
      1.3526951982523596,
      1.3744206165451258,
      1.3335577116854136,
      1.3293911376099894,
      1.3200640218946673,
      1.3346709693067393,
      1.3477218146790606,
      1.3392348552973161,
      1.3489240779885838,
      1.3354014745980085,
      1.3222834995611126,
      1.3668271610598843,
      1.298678658779581,
      1.3556807353680949,
      1.3494205070805017,
      1.3657328086246476,
      1.3279673129904552,
      1.3813688583259278,
      1.3095135305890566,
      1.362856176248083,
      1.3678417811962336,
      1.3392807448736108,
      1.3438163082224894,
      1.3544363680431077,
      1.356056762509923,
      1.3367383098671575,
      1.3427318850702439,
      1.3367773923584132,
      1.3570967162533814,
      1.3381191643460664,
      1.3545207696882309,
      1.320706895934026,
      1.3466034961011144,
      1.3456347409555023,
      1.3898305115776468,
      1.3338673601296382,
      1.359407779579756,
      1.337801281913404,
      1.3737009569623269,
      1.3397008475691763,
      1.3698497337478146,
      1.3119372584069644,
      1.3197773056092306,
      1.3788797731649007,
      1.3467428320998789,
      1.3759681386306344
    ]
  },
  "reset": {
    "mean": 0.8267954261917967,
    "std": 0.01878904905969544,
    "values": [
      0.8283543897457527,
      0.8583065752043731,
      0.8149618757588089,
      0.8098431420610526,
      0.822664789791294,
      0.7917307540729912,
      0.8207950836492135,
      0.8251253044530191,
      0.8385752875982985,
      0.835541667778056,
      0.8249959456457235,
      0.8268169816326916,
      0.8604103405313631,
      0.8247624984844812,
      0.7961292514448237,
      0.826444865701004,
      0.8654109963798644,
      0.859108566064813,
      0.8521696622357571,
      0.8433603266798267,
      0.8273363098881511,
      0.7886579699182855,
      0.8221597024581162,
      0.814163626646255,
      0.8230306816907427,
      0.8152664045860866,
      0.8083133426836394,
      0.8006080448254479,
      0.8410860444668559,
      0.8113073891414535,
      0.8382580663726611,
      0.8291055631204634,
      0.8221480963574859,
      0.7986558167624606,
      0.8438900683008431,
      0.8010292092620048,
      0.8246928192401789,
      0.8082545685696896,
      0.8536047570880445,
      0.8246183790712369,
      0.8452058944761833,
      0.8459935872893486,
      0.8348165243589664,
      0.8167821209021962,
      0.8185098337085237,
      0.7973185343318794,
      0.8555478993831745,
      0.8315159086680839,
      0.8442228826073639,
      0.8281629585008017
    ]
  }
}