{
  "seeds": [
    42,
    123,
    456,
    789,
    1011,
    1314,
    1617,
    1920,
    2223,
    2526
  ],
  "no_reset": {
    "mean": 1.339841480578718,
    "std": 0.02665592619055218,
    "values": [
      1.3737009569623269,
      1.3228467110960715,
      1.329569145144295,
      1.33498682072055,
      1.3122861998831017,
      1.331738536236223,
      1.3105148900587609,
      1.3401728264946091,
      1.401931882141505,
      1.3406668370497392
    ]
  },
  "reset": {
    "mean": 0.6216192750114387,
    "std": 0.018951450311148067,
    "values": [
      0.591173862815265,
      0.6057210027159944,
      0.6177529317713173,
      0.6197405803640864,
      0.6003718806603777,
      0.6385740862057521,
      0.6497295179042588,
      0.6111225980276191,
      0.6421577462990127,
      0.6398485433507028
    ]
  }
}