{
  "0.1": {
    "mean": 0.07143687495450965,
    "pred": 0.005000000000000001,
    "error": 1328.7374990901926
  },
  "0.3": {
    "mean": 0.1827953150123075,
    "pred": 0.045,
    "error": 306.21181113846114
  },
  "0.5": {
    "mean": 0.280488108946708,
    "pred": 0.125,
    "error": 124.39048715736641
  },
  "0.7": {
    "mean": 0.36157591623830704,
    "pred": 0.24499999999999997,
    "error": 47.58200662788044
  },
  "1.0": {
    "mean": 0.4585601710869601,
    "pred": 0.5,
    "error": -8.287965782607976
  },
  "1.5": {
    "mean": 0.5733549996917741,
    "pred": 1.125,
    "error": -49.035111138508974
  },
  "2.0": {
    "mean": 0.6510096197788712,
    "pred": 2.0,
    "error": -67.44951901105645
  }
}