{
  "0.0001": {
    "final_variance": 0.2830057260098339,
    "final_target": 0.1030801226533969,
    "improvement": 0.9760075480385162,
    "trend": -0.32784922258851795
  },
  "0.0005": {
    "final_variance": 0.2830057260098339,
    "final_target": 0.1148935908133545,
    "improvement": 0.9760075480385162,
    "trend": -0.32784922258851795
  },
  "0.001": {
    "final_variance": 0.2830057260098339,
    "final_target": 0.12858132345932427,
    "improvement": 0.9760075480385162,
    "trend": -0.32784922258851795
  }
}