{
  "p1.00_g3": {
    "p": 1.0,
    "gain": 3.0,
    "variance": 0.031064476482855295,
    "target": 0.04,
    "ratio": 0.7766119120713824
  },
  "p1.00_g10": {
    "p": 1.0,
    "gain": 10.0,
    "variance": 0.031064476482855295,
    "target": 0.04,
    "ratio": 0.7766119120713824
  },
  "p0.10_g3": {
    "p": 0.1,
    "gain": 3.0,
    "variance": 0.03199759529444595,
    "target": 0.04,
    "ratio": 0.7999398823611488
  },
  "p0.10_g10": {
    "p": 0.1,
    "gain": 10.0,
    "variance": 0.03199759529444595,
    "target": 0.04,
    "ratio": 0.7999398823611488
  },
  "p0.01_g3": {
    "p": 0.01,
    "gain": 3.0,
    "variance": 0.031933775073849556,
    "target": 0.04,
    "ratio": 0.7983443768462389
  },
  "p0.01_g10": {
    "p": 0.01,
    "gain": 10.0,
    "variance": 0.031933775073849556,
    "target": 0.04,
    "ratio": 0.7983443768462389
  }
}