{
  "sigma": 0.5,
  "v_theory": 0.31472177038151894,
  "a": 0.6673846153846149,
  "b": 0.017643076923076928,
  "data": {
    "20": 0.0505,
    "50": 0.0322,
    "100": 0.0253,
    "200": 0.0193
  }
}